[{"fields": {"order": null, "slug": "fast-food", "parent": null, "title": "Fast Food"}, "model": "home.category", "pk": 1}, {"fields": {"order": null, "slug": "italian", "parent": null, "title": "Italian"}, "model": "home.category", "pk": 2}, {"fields": {"order": null, "slug": "indian", "parent": null, "title": "Indian"}, "model": "home.category", "pk": 3}, {"fields": {"order": null, "slug": "chinese", "parent": null, "title": "Chinese"}, "model": "home.category", "pk": 4}, {"fields": {"order": null, "slug": "arabic", "parent": null, "title": "Arabic"}, "model": "home.category", "pk": 5}, {"fields": {"order": null, "slug": "thai", "parent": null, "title": "Thai"}, "model": "home.category", "pk": 6}, {"fields": {"image": "items/McDonald/Burgers/gallery.png", "title": "Burgers", "caterer": 4}, "model": "home.caterergallery", "pk": 1}, {"fields": {"image": "item-categories/gallery.png", "description": "Pizzas, Burgers, Sides, and add-ons including salads, appetisers, pastas, and desserts, Pizzas, Burgers, Sides, and add-ons including salads, appetisers, pastas, and desserts,", "title": "Pizza &  Burgers"}, "model": "home.itemcategory", "pk": 1}, {"fields": {"category": 1, "description": "", "title": "Olivers (somato sauce, mozzarella, basil)", "image": "", "caterer": 4, "price": "10.00"}, "model": "home.item", "pk": 1}, {"fields": {"category": 1, "description": "", "title": "Bronx Bomber (pepperoni, tomato sauce, mozzarella, fresh basil)", "image": "", "caterer": 4, "price": "22.00"}, "model": "home.item", "pk": 2}, {"fields": {"category": 1, "description": "", "title": "Portobello (portobello, wild mushroom puree, red onions, fontina cheese, truffle oil)", "image": "", "caterer": 4, "price": "15.00"}, "model": "home.item", "pk": 3}, {"fields": {"category": 1, "description": "", "title": "Red Sox (caramelized onions, red peppers, crumbled sausage, mozzarella, tomato sauce", "image": "", "caterer": 4, "price": "17.00"}, "model": "home.item", "pk": 4}, {"fields": {"category": 1, "description": "", "title": "Charlestown Burger (cheddar, onions, pickles, mustard, ketchup, mayo, tomatoes and lettuce)", "image": "", "caterer": 4, "price": "22.00"}, "model": "home.item", "pk": 5}, {"fields": {"category": 1, "description": "", "title": "Non mcdonald item", "image": "", "caterer": 3, "price": "0.00"}, "model": "home.item", "pk": 6}, {"fields": {"recommend_to_friends": true, "service": 3, "food": 3, "value": 4, "date": "2015-08-24T16:43:04.938Z", "ambience": 4}, "model": "home.rating", "pk": 2}, {"fields": {"recommend_to_friends": false, "service": 2, "food": 0, "value": 0, "date": "2015-08-24T16:43:04.938Z", "ambience": 3}, "model": "home.rating", "pk": 3}, {"fields": {"recommend_to_friends": false, "service": 2, "food": 0, "value": 1, "date": "2015-08-24T16:43:04.938Z", "ambience": 4}, "model": "home.rating", "pk": 4}, {"fields": {"recommend_to_friends": false, "service": 2, "food": 2, "value": 0, "date": "2015-08-24T16:43:04.938Z", "ambience": 0}, "model": "home.rating", "pk": 5}, {"fields": {"recommend_to_friends": false, "service": 2, "food": 1, "value": 4, "date": "2015-08-24T17:57:04.763Z", "ambience": 3}, "model": "home.rating", "pk": 6}, {"fields": {"recommend_to_friends": false, "service": 2, "food": 1, "value": 4, "date": "2015-08-24T18:03:51.095Z", "ambience": 3}, "model": "home.rating", "pk": 7}, {"fields": {"recommend_to_friends": false, "service": 2, "food": 1, "value": 4, "date": "2015-08-24T18:05:40.580Z", "ambience": 3}, "model": "home.rating", "pk": 8}, {"fields": {"recommend_to_friends": false, "service": 3, "food": 4, "value": 3, "date": "2015-08-24T19:03:47.382Z", "ambience": 3}, "model": "home.rating", "pk": 9}, {"fields": {"rating": null, "first_name": "sergserg", "last_name": "sergserg", "description": "sergesrserg", "title": "sergserg", "mobile_number": "", "user": null, "caterer": 4, "date": "2015-08-24T17:41:09.242Z", "email": ""}, "model": "home.review", "pk": 5}, {"fields": {"rating": null, "first_name": "sergserg", "last_name": "sergserg", "description": "sergesrserg", "title": "sergserg", "mobile_number": "", "user": null, "caterer": 4, "date": "2015-08-24T17:41:43.081Z", "email": ""}, "model": "home.review", "pk": 6}, {"fields": {"rating": null, "first_name": "awefaef", "last_name": "awefawef", "description": "awefawefawef", "title": "awefawefaewfawef", "mobile_number": "", "user": null, "caterer": 4, "date": "2015-08-24T17:46:50.216Z", "email": ""}, "model": "home.review", "pk": 7}, {"fields": {"rating": null, "first_name": "awefaef", "last_name": "awefawef", "description": "awefawefawef", "title": "awefawefaewfawef", "mobile_number": "", "user": null, "caterer": 4, "date": "2015-08-24T17:47:25.151Z", "email": ""}, "model": "home.review", "pk": 8}, {"fields": {"rating": null, "first_name": "awefawefawefawevawe", "last_name": "aweawefawefaewf", "description": "awevwef aw fwafe awef awfe", "title": "awefawefawefawef", "mobile_number": "", "user": null, "caterer": 4, "date": "2015-08-24T17:47:54.646Z", "email": ""}, "model": "home.review", "pk": 9}, {"fields": {"rating": null, "first_name": "awefawefawefawevawe", "last_name": "aweawefawefaewf", "description": "awevwef aw fwafe awef awfe", "title": "awefawefawefawef", "mobile_number": "", "user": null, "caterer": 4, "date": "2015-08-24T17:56:03.750Z", "email": ""}, "model": "home.review", "pk": 10}, {"fields": {"rating": null, "first_name": "awefawefawefawevawe", "last_name": "aweawefawefaewf", "description": "awevwef aw fwafe awef awfe", "title": "awefawefawefawef", "mobile_number": "", "user": null, "caterer": 4, "date": "2015-08-24T17:57:04.760Z", "email": ""}, "model": "home.review", "pk": 11}, {"fields": {"rating": null, "first_name": "awefawefawefawevawe", "last_name": "aweawefawefaewf", "description": "awevwef aw fwafe awef awfe", "title": "awefawefawefawef", "mobile_number": "", "user": null, "caterer": 4, "date": "2015-08-24T18:02:07.726Z", "email": ""}, "model": "home.review", "pk": 12}, {"fields": {"rating": null, "first_name": "awefawefawefawevawe", "last_name": "aweawefawefaewf", "description": "awevwef aw fwafe awef awfe", "title": "awefawefawefawef", "mobile_number": "", "user": null, "caterer": 4, "date": "2015-08-24T18:02:52.066Z", "email": ""}, "model": "home.review", "pk": 13}, {"fields": {"rating": null, "first_name": "awefawefawefawevawe", "last_name": "aweawefawefaewf", "description": "awevwef aw fwafe awef awfe", "title": "awefawefawefawef", "mobile_number": "", "user": null, "caterer": 4, "date": "2015-08-24T18:03:03.602Z", "email": ""}, "model": "home.review", "pk": 14}, {"fields": {"rating": null, "first_name": "awefawefawefawevawe", "last_name": "aweawefawefaewf", "description": "awevwef aw fwafe awef awfe", "title": "awefawefawefawef", "mobile_number": "", "user": null, "caterer": 4, "date": "2015-08-24T18:03:25.243Z", "email": ""}, "model": "home.review", "pk": 15}, {"fields": {"rating": 7, "first_name": "awefawefawefawevawe", "last_name": "aweawefawefaewf", "description": "awevwef aw fwafe awef awfe", "title": "awefawefawefawef", "mobile_number": "", "user": null, "caterer": 4, "date": "2015-08-24T18:03:51.091Z", "email": ""}, "model": "home.review", "pk": 16}, {"fields": {"rating": 8, "first_name": "awefawefawefawevawe", "last_name": "aweawefawefaewf", "description": "awevwef aw fwafe awef awfe", "title": "awefawefawefawef", "mobile_number": "", "user": null, "caterer": 4, "date": "2015-08-24T18:05:40.576Z", "email": ""}, "model": "home.review", "pk": 17}, {"fields": {"rating": 9, "first_name": "Ramsey", "last_name": "D'silva", "description": "Will go again", "title": "Best ever big mac", "mobile_number": "", "user": null, "caterer": 4, "date": "2015-08-24T19:03:47.378Z", "email": ""}, "model": "home.review", "pk": 18}, {"fields": {"city": 285787, "name": "Khaitan", "point": "SRID=4326;POINT (48.0816650390620026 29.2881774902339984)"}, "model": "home.area", "pk": 1}, {"fields": {"city": 285787, "name": "Dasm\u0101n", "point": "SRID=4326;POINT (47.9003906250000000 29.3252563476569996)"}, "model": "home.area", "pk": 2}, {"fields": {"city": 285787, "name": "Sharq", "point": "SRID=4326;POINT (48.0995178222660016 29.3458557128910016)"}, "model": "home.area", "pk": 3}, {"fields": {"first_name": "Ramsey", "last_name": "D'silva", "area": null, "point": null, "street_address2": "Appt # 1109", "street_address1": "145 Mutual Street", "mobile_number": "232323", "email": "", "zip_code": ""}, "model": "home.address", "pk": 1}, {"fields": {"first_name": "Ramsey", "last_name": "D'silva", "area": null, "point": null, "street_address2": "Appt # 1109", "street_address1": "145 Mutual Street", "mobile_number": "232323", "email": "", "zip_code": ""}, "model": "home.address", "pk": 2}, {"fields": {"first_name": "Ramsey", "last_name": "D'silva", "area": null, "point": null, "street_address2": "Appt # 1109", "street_address1": "145 Mutual Street", "mobile_number": "232323", "email": "", "zip_code": ""}, "model": "home.address", "pk": 3}, {"fields": {"category": 1, "rating": 2, "capacity": 500, "description": "Bla bla", "arabic_speaking_only": false, "area": 1, "price": 100, "name": "Johnny Rockets", "image": "caterers/cater-jonny-rockets.jpg", "address": null, "date_added": "2015-08-24T06:55:06.886Z", "slug": "johnny-rockets", "all_female_servers": true}, "model": "home.caterer", "pk": 1}, {"fields": {"category": 1, "rating": 3, "capacity": 300, "description": "", "arabic_speaking_only": false, "area": 3, "price": 50, "name": "KFC", "image": "caterers/cater-kfc.jpg", "address": null, "date_added": "2015-08-24T06:55:06.886Z", "slug": "kfc", "all_female_servers": false}, "model": "home.caterer", "pk": 2}, {"fields": {"category": 2, "rating": 4, "capacity": 250, "description": "", "arabic_speaking_only": false, "area": 2, "price": 20, "name": "Pizza Hut", "image": "caterers/cater-pizza-hut.jpg", "address": null, "date_added": "2015-08-24T06:55:06.886Z", "slug": "pizza-hut", "all_female_servers": false}, "model": "home.caterer", "pk": 3}, {"fields": {"category": 1, "rating": 5, "capacity": 100, "description": "", "arabic_speaking_only": false, "area": 1, "price": 10, "name": "McDonald", "image": "caterers/cater-mcdonald.png", "address": null, "date_added": "2015-08-24T06:55:06.886Z", "slug": "mcdonald", "all_female_servers": false}, "model": "home.caterer", "pk": 4}, {"fields": {"billing_address": null, "payment_method": "Cash", "send_sms": false, "other_number": "", "sex": "M", "birthday": "2015-08-01T04:00:00Z", "user": 4, "mobile_number": "232323", "subscribe_newsletter": false, "occupation": ""}, "model": "home.profile", "pk": 1}]